use safety_car;


INSERT INTO multi_criteria (cc_min, cc_max, car_age_min, car_age_max,base_amount) VALUES (0, 1047, 0,19, 403.25);
INSERT INTO multi_criteria (cc_min, cc_max, car_age_min, car_age_max,base_amount) VALUES (0, 1047, 20,999, 413.25);
INSERT INTO multi_criteria (cc_min, cc_max, car_age_min, car_age_max,base_amount) VALUES (1048, 1309, 0,19, 529.63);
INSERT INTO multi_criteria (cc_min, cc_max, car_age_min, car_age_max,base_amount) VALUES (1048, 1309, 20,999, 539.63);
INSERT INTO multi_criteria (cc_min, cc_max, car_age_min, car_age_max,base_amount) VALUES (1310, 2356, 0,19, 690.96);
INSERT INTO multi_criteria (cc_min, cc_max, car_age_min, car_age_max,base_amount) VALUES (1310, 2356, 20,999, 700.96);
INSERT INTO multi_criteria (cc_min, cc_max, car_age_min, car_age_max,base_amount) VALUES (2357, 2880, 0,19, 862.86);
INSERT INTO multi_criteria (cc_min, cc_max, car_age_min, car_age_max,base_amount) VALUES (2357, 2880, 20,999, 892.86);
INSERT INTO multi_criteria (cc_min, cc_max, car_age_min, car_age_max,base_amount) VALUES (2881, 4188, 0,19, 957.89);
INSERT INTO multi_criteria (cc_min, cc_max, car_age_min, car_age_max,base_amount) VALUES (2881, 4188, 20,999, 987.89);
INSERT INTO multi_criteria (cc_min, cc_max, car_age_min, car_age_max,base_amount) VALUES (4189, 5497, 0,19, 1076.62);
INSERT INTO multi_criteria (cc_min, cc_max, car_age_min, car_age_max,base_amount) VALUES (4189, 5497, 20,999, 1106.62);
INSERT INTO multi_criteria (cc_min, cc_max, car_age_min, car_age_max,base_amount) VALUES (5498, 999999, 0,19, 1193.25);
INSERT INTO multi_criteria (cc_min, cc_max, car_age_min, car_age_max,base_amount) VALUES (5498, 999999, 20,999, 1263.25);

INSERT INTO users (username, password, enabled) VALUES ('username.georgi@example.com', '{noop}pass1', 1);
INSERT INTO users (username, password, enabled) VALUES ('username.ivan@example.com', '{noop}pass1', 1);
INSERT INTO users (username, password, enabled) VALUES ('username.maria@example.com', '{noop}pass1', 1);

INSERT INTO authorities (username, authority) VALUES ('username.georgi@example.com', 'ROLE_CUSTOMER');
INSERT INTO authorities (username, authority) VALUES ('username.ivan@example.com', 'ROLE_AGENT');
INSERT INTO authorities (username, authority) VALUES ('username.maria@example.com', 'ROLE_CUSTOMER');

INSERT INTO customers (customer_id, city, activated, phone, street) VALUES ('username.georgi@example.com', 'Sofia', true, '+359888123456', 'Paris 17');
INSERT INTO customers (customer_id, city, activated, phone, street) VALUES ('username.ivan@example.com', 'Sofia', true, '+359888123457', 'Paris 13');
INSERT INTO customers (customer_id, city, activated, phone, street) VALUES ('username.maria@example.com', 'Sofia', true, '+359888123777', 'Paris 11');

INSERT INTO vehicle_brands (name) VALUES ('Acura');
INSERT INTO vehicle_brands (name) VALUES ('Alfa Romeo');
INSERT INTO vehicle_brands (name) VALUES ('AMC');
INSERT INTO vehicle_brands (name) VALUES ('Aston Martin');
INSERT INTO vehicle_brands (name) VALUES ('Audi');
INSERT INTO vehicle_brands (name) VALUES ('Avanti');
INSERT INTO vehicle_brands (name) VALUES ('Bentley');
INSERT INTO vehicle_brands (name) VALUES ('BMW');
INSERT INTO vehicle_brands (name) VALUES ('Buick');
INSERT INTO vehicle_brands (name) VALUES ('Cadillac');
INSERT INTO vehicle_brands (name) VALUES ('Chevrolet');
INSERT INTO vehicle_brands (name) VALUES ('Chrysler');
INSERT INTO vehicle_brands (name) VALUES ('Daewoo');
INSERT INTO vehicle_brands (name) VALUES ('Daihatsu');
INSERT INTO vehicle_brands (name) VALUES ('Datsun');
INSERT INTO vehicle_brands (name) VALUES ('DeLorean');
INSERT INTO vehicle_brands (name) VALUES ('Dodge');
INSERT INTO vehicle_brands (name) VALUES ('Eagle');
INSERT INTO vehicle_brands (name) VALUES ('Ferrari');
INSERT INTO vehicle_brands (name) VALUES ('FIAT');
INSERT INTO vehicle_brands (name) VALUES ('Fisker');
INSERT INTO vehicle_brands (name) VALUES ('Ford');
INSERT INTO vehicle_brands (name) VALUES ('Freightliner');
INSERT INTO vehicle_brands (name) VALUES ('Geo');
INSERT INTO vehicle_brands (name) VALUES ('GMC');
INSERT INTO vehicle_brands (name) VALUES ('Honda');
INSERT INTO vehicle_brands (name) VALUES ('HUMMER');
INSERT INTO vehicle_brands (name) VALUES ('Hyundai');
INSERT INTO vehicle_brands (name) VALUES ('Infiniti');
INSERT INTO vehicle_brands (name) VALUES ('Isuzu');
INSERT INTO vehicle_brands (name) VALUES ('Jaguar');
INSERT INTO vehicle_brands (name) VALUES ('Jeep');
INSERT INTO vehicle_brands (name) VALUES ('Kia');
INSERT INTO vehicle_brands (name) VALUES ('Lada');
INSERT INTO vehicle_brands (name) VALUES ('Lancia');
INSERT INTO vehicle_brands (name) VALUES ('Lamborghini');
INSERT INTO vehicle_brands (name) VALUES ('Land Rover');
INSERT INTO vehicle_brands (name) VALUES ('Lexus');
INSERT INTO vehicle_brands (name) VALUES ('Lincoln');
INSERT INTO vehicle_brands (name) VALUES ('Lotus');
INSERT INTO vehicle_brands (name) VALUES ('Maserati');
INSERT INTO vehicle_brands (name) VALUES ('Maybach');
INSERT INTO vehicle_brands (name) VALUES ('Mazda');
INSERT INTO vehicle_brands (name) VALUES ('McLaren');
INSERT INTO vehicle_brands (name) VALUES ('Mercedes-Benz');
INSERT INTO vehicle_brands (name) VALUES ('Mercury');
INSERT INTO vehicle_brands (name) VALUES ('Merkur');
INSERT INTO vehicle_brands (name) VALUES ('MINI');
INSERT INTO vehicle_brands (name) VALUES ('Mitsubishi');
INSERT INTO vehicle_brands (name) VALUES ('Nissan');
INSERT INTO vehicle_brands (name) VALUES ('Oldsmobile');
INSERT INTO vehicle_brands (name) VALUES ('Peugeot');
INSERT INTO vehicle_brands (name) VALUES ('Plymouth');
INSERT INTO vehicle_brands (name) VALUES ('Pontiac');
INSERT INTO vehicle_brands (name) VALUES ('Porsche');
INSERT INTO vehicle_brands (name) VALUES ('RAM');
INSERT INTO vehicle_brands (name) VALUES ('Renault');
INSERT INTO vehicle_brands (name) VALUES ('Rolls-Royce');
INSERT INTO vehicle_brands (name) VALUES ('Saab');
INSERT INTO vehicle_brands (name) VALUES ('Saturn');
INSERT INTO vehicle_brands (name) VALUES ('Scion');
INSERT INTO vehicle_brands (name) VALUES ('Smart');
INSERT INTO vehicle_brands (name) VALUES ('SRT');
INSERT INTO vehicle_brands (name) VALUES ('Sterling');
INSERT INTO vehicle_brands (name) VALUES ('Subaru');
INSERT INTO vehicle_brands (name) VALUES ('Suzuki');
INSERT INTO vehicle_brands (name) VALUES ('Tesla');
INSERT INTO vehicle_brands (name) VALUES ('Toyota');
INSERT INTO vehicle_brands (name) VALUES ('Triumph');
INSERT INTO vehicle_brands (name) VALUES ('Volkswagen');
INSERT INTO vehicle_brands (name) VALUES ('Volvo');
INSERT INTO vehicle_brands (name) VALUES ('Yugo');

INSERT INTO vehicle_models (brand_id, name) VALUES ('22', 'Model T');
INSERT INTO vehicle_models (brand_id, name) VALUES ('12', 'Imperial');
INSERT INTO vehicle_models (brand_id, name) VALUES ('72', '2CV');
INSERT INTO vehicle_models (brand_id, name) VALUES ('11', 'Corvette');
INSERT INTO vehicle_models (brand_id, name) VALUES ('10', 'Fleetwood');
INSERT INTO vehicle_models (brand_id, name) VALUES ('22', 'Thunderbird');
INSERT INTO vehicle_models (brand_id, name) VALUES ('8', '600');
INSERT INTO vehicle_models (brand_id, name) VALUES ('54', 'Tempest');
INSERT INTO vehicle_models (brand_id, name) VALUES ('54', 'Grand Prix');
INSERT INTO vehicle_models (brand_id, name) VALUES ('9', 'Special');
INSERT INTO vehicle_models (brand_id, name) VALUES ('11', 'E-Series');
INSERT INTO vehicle_models (brand_id, name) VALUES ('22', 'Corvair 500');
INSERT INTO vehicle_models (brand_id, name) VALUES ('22', 'Mustang');
INSERT INTO vehicle_models (brand_id, name) VALUES ('22', 'Galaxie');
INSERT INTO vehicle_models (brand_id, name) VALUES ('54', 'GTO');
INSERT INTO vehicle_models (brand_id, name) VALUES ('54', 'LeMans');
INSERT INTO vehicle_models (brand_id, name) VALUES ('54', 'Bonneville');
INSERT INTO vehicle_models (brand_id, name) VALUES ('22', 'Fairlane');
INSERT INTO vehicle_models (brand_id, name) VALUES ('45', 'Mercedes-AMGCLA');
INSERT INTO vehicle_models (brand_id, name) VALUES ('45', 'Mercedes-AMGC-Class');
INSERT INTO vehicle_models (brand_id, name) VALUES ('45', 'MetrisCargo');
INSERT INTO vehicle_models (brand_id, name) VALUES ('45', 'MetrisPassenger');
INSERT INTO vehicle_models (brand_id, name) VALUES ('45', 'MetrisWORKERCargo');
INSERT INTO vehicle_models (brand_id, name) VALUES ('45', 'MetrisWORKERPassenger');

INSERT INTO vehicle_models (brand_id, name) VALUES ('37','RangeRoverSport');
INSERT INTO vehicle_models (brand_id, name) VALUES ('38','UX');
INSERT INTO vehicle_models (brand_id, name) VALUES ('39','Continental');
INSERT INTO vehicle_models (brand_id, name) VALUES ('39','MKC');
INSERT INTO vehicle_models (brand_id, name) VALUES ('39','MKZ');
INSERT INTO vehicle_models (brand_id, name) VALUES ('39','Nautilus');
INSERT INTO vehicle_models (brand_id, name) VALUES ('39','Navigator');
INSERT INTO vehicle_models (brand_id, name) VALUES ('39','NavigatorL');
INSERT INTO vehicle_models (brand_id, name) VALUES ('41','Ghibli');
INSERT INTO vehicle_models (brand_id, name) VALUES ('43','CX-3');
INSERT INTO vehicle_models (brand_id, name) VALUES ('43','CX-5');
INSERT INTO vehicle_models (brand_id, name) VALUES ('43','CX-9');
INSERT INTO vehicle_models (brand_id, name) VALUES ('43','MAZDA3');
INSERT INTO vehicle_models (brand_id, name) VALUES ('45','A-Class');
INSERT INTO vehicle_models (brand_id, name) VALUES ('45','C-Class');
INSERT INTO vehicle_models (brand_id, name) VALUES ('45','CLA');
INSERT INTO vehicle_models (brand_id, name) VALUES ('45','CLS');
INSERT INTO vehicle_models (brand_id, name) VALUES ('45','E-Class');
INSERT INTO vehicle_models (brand_id, name) VALUES ('45','G-Class');
INSERT INTO vehicle_models (brand_id, name) VALUES ('45','S-Class');
INSERT INTO vehicle_models (brand_id, name) VALUES ('48','Convertible');
INSERT INTO vehicle_models (brand_id, name) VALUES ('48','Countryman');
INSERT INTO vehicle_models (brand_id, name) VALUES ('48','Hardtop4Door');
INSERT INTO vehicle_models (brand_id, name) VALUES ('49','EclipseCross');
INSERT INTO vehicle_models (brand_id, name) VALUES ('49','Mirage');
INSERT INTO vehicle_models (brand_id, name) VALUES ('49','MirageG4');
INSERT INTO vehicle_models (brand_id, name) VALUES ('49','Outlander');
INSERT INTO vehicle_models (brand_id, name) VALUES ('50','Altima');
INSERT INTO vehicle_models (brand_id, name) VALUES ('50','Armada');
INSERT INTO vehicle_models (brand_id, name) VALUES ('50','Versa');
INSERT INTO vehicle_models (brand_id, name) VALUES ('50','VersaNote');
INSERT INTO vehicle_models (brand_id, name) VALUES ('55','Cayenne');
INSERT INTO vehicle_models (brand_id, name) VALUES ('55','Panamera');
INSERT INTO vehicle_models (brand_id, name) VALUES ('56','1500ClassicQuadCab');
INSERT INTO vehicle_models (brand_id, name) VALUES ('56','ProMasterCity');
INSERT INTO vehicle_models (brand_id, name) VALUES ('65','Forester');
INSERT INTO vehicle_models (brand_id, name) VALUES ('65','Outback');
INSERT INTO vehicle_models (brand_id, name) VALUES ('65','Legacy');
INSERT INTO vehicle_models (brand_id, name) VALUES ('65','Impreza');
INSERT INTO vehicle_models (brand_id, name) VALUES ('65','WRX');
INSERT INTO vehicle_models (brand_id, name) VALUES ('67','Model3');
INSERT INTO vehicle_models (brand_id, name) VALUES ('67','ModelX');
INSERT INTO vehicle_models (brand_id, name) VALUES ('67','ModelS');
INSERT INTO vehicle_models (brand_id, name) VALUES ('68','4Runner');
INSERT INTO vehicle_models (brand_id, name) VALUES ('68','Avalon');
INSERT INTO vehicle_models (brand_id, name) VALUES ('68','Camry');
INSERT INTO vehicle_models (brand_id, name) VALUES ('68','CamryHybrid');
INSERT INTO vehicle_models (brand_id, name) VALUES ('68','Corolla');
INSERT INTO vehicle_models (brand_id, name) VALUES ('68','Highlander');
INSERT INTO vehicle_models (brand_id, name) VALUES ('68','LandCruiser');
INSERT INTO vehicle_models (brand_id, name) VALUES ('68','RAV4');
INSERT INTO vehicle_models (brand_id, name) VALUES ('68','Sequoia');
INSERT INTO vehicle_models (brand_id, name) VALUES ('68','Sienna');
INSERT INTO vehicle_models (brand_id, name) VALUES ('70','Atlas');
INSERT INTO vehicle_models (brand_id, name) VALUES ('70','Golf');
INSERT INTO vehicle_models (brand_id, name) VALUES ('70','Passat');
INSERT INTO vehicle_models (brand_id, name) VALUES ('70','Tiguan');
INSERT INTO vehicle_models (brand_id, name) VALUES ('39','Aviator');
INSERT INTO vehicle_models (brand_id, name) VALUES ('33','Telluride');
INSERT INTO vehicle_models (brand_id, name) VALUES ('33','Soul');
INSERT INTO vehicle_models (brand_id, name) VALUES ('10','XT6');
INSERT INTO vehicle_models (brand_id, name) VALUES ('71','V90');
INSERT INTO vehicle_models (brand_id, name) VALUES ('71','XC60');
INSERT INTO vehicle_models (brand_id, name) VALUES ('32','Cherokee');
INSERT INTO vehicle_models (brand_id, name) VALUES ('32','Compass');
INSERT INTO vehicle_models (brand_id, name) VALUES ('32','GrandCherokee');
INSERT INTO vehicle_models (brand_id, name) VALUES ('32','Renegade');
INSERT INTO vehicle_models (brand_id, name) VALUES ('9','Cascada');
INSERT INTO vehicle_models (brand_id, name) VALUES ('9','Enclave');
INSERT INTO vehicle_models (brand_id, name) VALUES ('8','3Series');
INSERT INTO vehicle_models (brand_id, name) VALUES ('12','Pacifica');
INSERT INTO vehicle_models (brand_id, name) VALUES ('17','Challenger');
INSERT INTO vehicle_models (brand_id, name) VALUES ('17','Charger');
INSERT INTO vehicle_models (brand_id, name) VALUES ('17','Durango');
INSERT INTO vehicle_models (brand_id, name) VALUES ('20','500L');
INSERT INTO vehicle_models (brand_id, name) VALUES ('25','Terrain');
INSERT INTO vehicle_models (brand_id, name) VALUES ('25','Yukon');
INSERT INTO vehicle_models (brand_id, name) VALUES ('25','YukonXL');
INSERT INTO vehicle_models (brand_id, name) VALUES ('26','Insight');
INSERT INTO vehicle_models (brand_id, name) VALUES ('26','Odyssey');
INSERT INTO vehicle_models (brand_id, name) VALUES ('26','Passport');
INSERT INTO vehicle_models (brand_id, name) VALUES ('28','Sonata');
INSERT INTO vehicle_models (brand_id, name) VALUES ('28','SonataHybrid');
INSERT INTO vehicle_models (brand_id, name) VALUES ('28','Tucson');
INSERT INTO vehicle_models (brand_id, name) VALUES ('31','E-PACE');
INSERT INTO vehicle_models (brand_id, name) VALUES ('31','F-PACE');
INSERT INTO vehicle_models (brand_id, name) VALUES ('31','I-PACE');
INSERT INTO vehicle_models (brand_id, name) VALUES ('29','QX50');
INSERT INTO vehicle_models (brand_id, name) VALUES ('29','QX60');
INSERT INTO vehicle_models (brand_id, name) VALUES ('29','QX80');
INSERT INTO vehicle_models (brand_id, name) VALUES ('44','570GT');
INSERT INTO vehicle_models (brand_id, name) VALUES ('44','570S');
INSERT INTO vehicle_models (brand_id, name) VALUES ('44','720S');
INSERT INTO vehicle_models (brand_id, name) VALUES ('69', 'SCRAMBLER');
INSERT INTO vehicle_models (brand_id, name) VALUES ('61', 'xB');
INSERT INTO vehicle_models (brand_id, name) VALUES ('60', 'Relay');
INSERT INTO vehicle_models (brand_id, name) VALUES ('60', 'Outlook');
INSERT INTO vehicle_models (brand_id, name) VALUES ('58', 'Phantom IV');
INSERT INTO vehicle_models (brand_id, name) VALUES ('58', 'Silver Shadow');
INSERT INTO vehicle_models (brand_id, name) VALUES ('58', 'Wraith');
INSERT INTO vehicle_models (brand_id, name) VALUES ('57', 'Juvaquatre');
INSERT INTO vehicle_models (brand_id, name) VALUES ('57', 'Frégate');
INSERT INTO vehicle_models (brand_id, name) VALUES ('57', 'Caravelle');
INSERT INTO vehicle_models (brand_id, name) VALUES ('53', 'Belvedere');
INSERT INTO vehicle_models (brand_id, name) VALUES ('53', 'Concord');
INSERT INTO vehicle_models (brand_id, name) VALUES ('53', 'De Luxe');
INSERT INTO vehicle_models (brand_id, name) VALUES ('52', '301');
INSERT INTO vehicle_models (brand_id, name) VALUES ('52', '408');
INSERT INTO vehicle_models (brand_id, name) VALUES ('51', 'Alero');
INSERT INTO vehicle_models (brand_id, name) VALUES ('51', 'Bravada');
INSERT INTO vehicle_models (brand_id, name) VALUES ('51', 'Silhouette');
INSERT INTO vehicle_models (brand_id, name) VALUES ('46', 'Monterey');
INSERT INTO vehicle_models (brand_id, name) VALUES ('46', 'Montclair');
INSERT INTO vehicle_models (brand_id, name) VALUES ('46', 'Colony Park');
INSERT INTO vehicle_models (brand_id, name) VALUES ('42', '62S');
INSERT INTO vehicle_models (brand_id, name) VALUES ('42', '62 Landaulet');
INSERT INTO vehicle_models (brand_id, name) VALUES ('40', 'Elise');
INSERT INTO vehicle_models (brand_id, name) VALUES ('40', 'Evora');
INSERT INTO vehicle_models (brand_id, name) VALUES ('36', 'Diablo');
INSERT INTO vehicle_models (brand_id, name) VALUES ('36', 'Silhouette');
INSERT INTO vehicle_models (brand_id, name) VALUES ('34', 'Largus');
INSERT INTO vehicle_models (brand_id, name) VALUES ('34', 'Vesta');
INSERT INTO vehicle_models (brand_id, name) VALUES ('29', ' Etherea');
INSERT INTO vehicle_models (brand_id, name) VALUES ('29', 'Essence');
INSERT INTO vehicle_models (brand_id, name) VALUES  ('29', 'Kuraza');
INSERT INTO vehicle_models (brand_id, name) VALUES ('27', 'H1');
INSERT INTO vehicle_models (brand_id, name) VALUES ('27', 'H2');
INSERT INTO vehicle_models (brand_id, name) VALUES ('24', 'Geo Storm');
INSERT INTO vehicle_models (brand_id, name) VALUES ('24', 'Geo Tracker');
INSERT INTO vehicle_models (brand_id, name) VALUES ('21', 'Fisker Karma');
INSERT INTO vehicle_models (brand_id, name) VALUES ('21', 'Fisker Sunset');
INSERT INTO vehicle_models (brand_id, name) VALUES ('19', '275 GTB');
INSERT INTO vehicle_models (brand_id, name) VALUES ('19', 'Daytona 365 GTB/4 ');
INSERT INTO vehicle_models (brand_id, name) VALUES ('19', '550 Barchetta Pininfarina');
INSERT INTO vehicle_models (brand_id, name) VALUES ('18', 'Eagle Talon');
INSERT INTO vehicle_models (brand_id, name) VALUES ('15', 'Cherry 100A ');
INSERT INTO vehicle_models (brand_id, name) VALUES ('15', '720');
INSERT INTO vehicle_models (brand_id, name) VALUES ('14', 'Sigra');
INSERT INTO vehicle_models (brand_id, name) VALUES ('14', 'Mira Cocoa');
INSERT INTO vehicle_models (brand_id, name) VALUES ('13', 'Chevrolet Aveo');
INSERT INTO vehicle_models (brand_id, name) VALUES ('13', 'A V100 Daewoo Leganza');
INSERT INTO vehicle_models (brand_id, name) VALUES ('7', 'Speed Six');
INSERT INTO vehicle_models (brand_id, name) VALUES ('7', 'Camargue');
INSERT INTO vehicle_models (brand_id, name) VALUES ('6', ' Avanti convertible');
INSERT INTO vehicle_models (brand_id, name) VALUES ('4', 'Aston Martin Le Mans');
INSERT INTO vehicle_models (brand_id, name) VALUES ('4', 'Lagonda Taraf');
INSERT INTO vehicle_models (brand_id, name) VALUES ('3', ' Concord two-door sedan');
INSERT INTO vehicle_models (brand_id, name) VALUES ('3', 'Spirit liftback');
INSERT INTO vehicle_models (brand_id, name) VALUES ('1','RDX');
INSERT INTO vehicle_models (brand_id, name) VALUES ('1','RLX');
INSERT INTO vehicle_models (brand_id, name) VALUES ('1','RLXSportHybrid');
INSERT INTO vehicle_models (brand_id, name) VALUES ('2','4CSpider');
INSERT INTO vehicle_models (brand_id, name) VALUES ('2','Giulia');
INSERT INTO vehicle_models (brand_id, name) VALUES ('5','S3');
INSERT INTO vehicle_models (brand_id, name) VALUES ('5','S5');
INSERT INTO vehicle_models (brand_id, name) VALUES ('5','SQ5');
INSERT INTO vehicle_models (brand_id, name) VALUES ('62','fortwo');
INSERT INTO vehicle_models (brand_id, name) VALUES ('62','fortwocabrio');
INSERT INTO vehicle_models (brand_id, name) VALUES ('62','fortwoelectricdrive');
INSERT INTO vehicle_models (brand_id, name) VALUES ('35', 'Countach');
INSERT INTO vehicle_models (brand_id, name) VALUES ('66', 'Swift');
INSERT INTO vehicle_models (brand_id, name) VALUES ('66', 'SJ');
INSERT INTO vehicle_models (brand_id, name) VALUES ('58','Ghost');
INSERT INTO vehicle_models (brand_id, name) VALUES ('58','Phantom');
INSERT INTO vehicle_models (brand_id, name) VALUES ('58','Wraith');
INSERT INTO vehicle_models (brand_id, name) VALUES ('59', '900');
INSERT INTO vehicle_models (brand_id, name) VALUES ('59', '9000');

INSERT INTO policies (policy_id, city, creation_date, cubic_capacity, driver_age, effective_date, email, previous_accidents, phone, policy_number, registration_certificate, registration_date, status, street, total, model_id, customer_id) VALUES (1, 'Sofia', '2020-10-18', 1400, 30, '2020-10-19', 'username.maria@example.com', false, '+359888123777', '2020-10-18/1', 'https://png.pngtree.com/png-vector/20190809/ourlarge/pngtree-document-note-report-paper-blue-dotted-line-line-icon-png-image_1652922.jpg', '2020-10-18', 'PENDING', 'Paris 11', 760.056, 13, 'username.maria@example.com');
INSERT INTO policies (policy_id, city, creation_date, cubic_capacity, driver_age, effective_date, email, previous_accidents, phone, policy_number, registration_certificate, registration_date, status, street, total, model_id, customer_id) VALUES (2, 'Sofia', '2020-10-10', 2500, 30, '2020-10-20', 'username.maria@example.com', false, '+359888123777', '2020-10-10/2', 'https://png.pngtree.com/png-vector/20190809/ourlarge/pngtree-document-note-report-paper-blue-dotted-line-line-icon-png-image_1652922.jpg', '2019-09-23', 'PENDING', 'Paris 11', 949.146, 170, 'username.maria@example.com');
INSERT INTO policies (policy_id, city, creation_date, cubic_capacity, driver_age, effective_date, email, previous_accidents, phone, policy_number, registration_certificate, registration_date, status, street, total, model_id, customer_id) VALUES (3, 'Sofia', '2020-10-01', 2500, 24, '2020-10-26', 'username.maria@example.com', false, '+359888123777', '2020-10-01/3', 'https://png.pngtree.com/png-vector/20190809/ourlarge/pngtree-document-note-report-paper-blue-dotted-line-line-icon-png-image_1652922.jpg', '2019-10-10', 'PENDING', 'Paris 11', 996.6033, 166, 'username.maria@example.com');
INSERT INTO policies (policy_id, city, creation_date, cubic_capacity, driver_age, effective_date, email, previous_accidents, phone, policy_number, registration_certificate, registration_date, status, street, total, model_id, customer_id) VALUES (4, 'Sofia', '2020-10-29', 2600, 33, '2020-11-03', 'username.georgi@example.com', false, '+359888123456', '2020-10-29/1', 'http://png.pngtree.com/png-vector/20190809/ourlarge/pngtree-document-note-report-paper-blue-dotted-line-line-icon-png-image_1652922.jpg', '2019-05-01', 'PENDING', 'Paris 17', 949.146, 85, 'username.georgi@example.com');
INSERT INTO policies (policy_id, city, creation_date, cubic_capacity, driver_age, effective_date, email, previous_accidents, phone, policy_number, registration_certificate, registration_date, status, street, total, model_id, customer_id) VALUES (5, 'Sofia', '2020-10-19', 2800, 33, '2020-10-24', 'username.georgi@example.com', false, '+359888123456', '2020-10-19/2', 'http://png.pngtree.com/png-vector/20190809/ourlarge/pngtree-document-note-report-paper-blue-dotted-line-line-icon-png-image_1652922.jpg', '2019-04-19', 'PENDING', 'Paris 17', 949.146, 98, 'username.georgi@example.com');

INSERT INTO policies (policy_id, city, creation_date, cubic_capacity, driver_age, effective_date, email, previous_accidents, phone, policy_number, registration_certificate, registration_date, status, street, total, model_id, customer_id) VALUES (6, 'Sofia', '2020-11-01', 1400, 30, '2020-11-19', 'username.maria@example.com', false, '+359888123777', '2020-11-01/4', 'https://png.pngtree.com/png-vector/20190809/ourlarge/pngtree-document-note-report-paper-blue-dotted-line-line-icon-png-image_1652922.jpg', '2020-10-18', 'CANCELED', 'Paris 11', 760.056, 11, 'username.maria@example.com');
INSERT INTO policies (policy_id, city, creation_date, cubic_capacity, driver_age, effective_date, email, previous_accidents, phone, policy_number, registration_certificate, registration_date, status, street, total, model_id, customer_id) VALUES (7, 'Sofia', '2020-11-01', 1500, 30, '2020-11-20', 'username.maria@example.com', false, '+359888123777', '2020-11-01/5', 'https://png.pngtree.com/png-vector/20190809/ourlarge/pngtree-document-note-report-paper-blue-dotted-line-line-icon-png-image_1652922.jpg', '2019-09-23', 'REJECTED', 'Paris 11', 949.146, 155, 'username.maria@example.com');
INSERT INTO policies (policy_id, city, creation_date, cubic_capacity, driver_age, effective_date, email, previous_accidents, phone, policy_number, registration_certificate, registration_date, status, street, total, model_id, customer_id) VALUES (8, 'Sofia', '2020-11-01', 2400, 24, '2020-11-26', 'username.maria@example.com', false, '+359888123777', '2020-11-01/6', 'https://png.pngtree.com/png-vector/20190809/ourlarge/pngtree-document-note-report-paper-blue-dotted-line-line-icon-png-image_1652922.jpg', '2019-10-10', 'ACCEPTED', 'Paris 11', 996.6033, 106, 'username.maria@example.com');
INSERT INTO policies (policy_id, city, creation_date, cubic_capacity, driver_age, effective_date, email, previous_accidents, phone, policy_number, registration_certificate, registration_date, status, street, total, model_id, customer_id) VALUES (9, 'Sofia', '2020-10-30', 2600, 33, '2020-11-20', 'username.georgi@example.com', false, '+359888123456', '2020-10-30/3', 'http://png.pngtree.com/png-vector/20190809/ourlarge/pngtree-document-note-report-paper-blue-dotted-line-line-icon-png-image_1652922.jpg', '2019-05-01', 'ACCEPTED', 'Paris 17', 949.146, 81, 'username.georgi@example.com');
INSERT INTO policies (policy_id, city, creation_date, cubic_capacity, driver_age, effective_date, email, previous_accidents, phone, policy_number, registration_certificate, registration_date, status, street, total, model_id, customer_id) VALUES (10, 'Sofia', '2020-10-30', 2800, 33, '2020-11-24', 'username.georgi@example.com', false, '+359888123456', '2020-10-30/4', 'http://png.pngtree.com/png-vector/20190809/ourlarge/pngtree-document-note-report-paper-blue-dotted-line-line-icon-png-image_1652922.jpg', '2019-04-19', 'REJECTED', 'Paris 17', 949.146, 69, 'username.georgi@example.com');